# ESP32-C3 SuperMini, 4 MB flash.
# Two OTA slots (web update must survive a bad image) + LittleFS for
# config.json / history.bin (64 KiB) / events.bin (16 KiB).
# Stock default.csv left only ~5% headroom in a 1.25 MB app slot.
# Name,    Type, SubType,  Offset,   Size
nvs,       data, nvs,      0x9000,   0x5000
otadata,   data, ota,      0xe000,   0x2000
app0,      app,  ota_0,    0x10000,  0x1A0000
app1,      app,  ota_1,    0x1B0000, 0x1A0000
spiffs,    data, spiffs,   0x350000, 0xA0000
coredump,  data, coredump, 0x3F0000, 0x10000
